{"cameraMode":{"drawMode":0,"name":"Shaded","section":"Shading Mode"},"sceneLighting":true,"audioPlay":false,"sceneViewState":{"m_AlwaysRefresh":false,"showFog":true,"showSkybox":true,"showFlares":true,"showImageEffects":true,"showParticleSystems":true,"showVisualEffectGraphs":true,"m_FxEnabled":true},"in2DMode":false,"pivot":{"x":1.0347042083740235,"y":0.6409143209457398,"z":0.3262411952018738},"rotation":{"x":-0.2017885446548462,"y":0.7172008156776428,"z":-0.23132950067520142,"w":-0.6256144642829895},"size":1.4877334833145142,"orthographic":false}